{
  "confidence": {
    "mean": 0.9120932290824413,
    "std": 0.04874826109203223,
    "min": 0.8223393024447465,
    "max": 0.988647611473022
  },
  "word_count": {
    "mean": 475.94,
    "std": 3.700864763808589,
    "min": 469.0,
    "max": 485.0
  },
  "noise_chars": {
    "mean": 136.98,
    "std": 5.33475397745763,
    "min": 129.0,
    "max": 152.0
  },
  "char_count": {
    "mean": 3221.56,
    "std": 16.57366585882556,
    "min": 3185.0,
    "max": 3263.0
  }
}