{
  "loss": [
    1.8198685661204494,
    1.7060483753215736,
    1.6490654362608699,
    1.5956580363615842,
    1.4369496544847509,
    1.348529258564138,
    1.332642196830822,
    1.2117500207450638,
    1.0738526035099702,
    1.025912928059228,
    0.897252765971712,
    0.8087392309098212,
    0.748625859283694,
    0.5739951060031617,
    0.49310854985737335,
    0.4511927093566768,
    0.3447499130813598,
    0.30941199856696877,
    0.1721000896107304,
    0.08
  ],
  "val_loss": [
    2.0732824384460775,
    1.8929217112914627,
    1.8117974628659752,
    1.6413941696366954,
    1.5896229690368988,
    1.5265987610644407,
    1.3677134790236216,
    1.3482585851278097,
    1.2036522760303754,
    1.1233100493524415,
    1.0120199325464247,
    1.038929698699131,
    0.8498514545525768,
    0.7018512956574682,
    0.700074614026212,
    0.5021157122382908,
    0.4778116008028692,
    0.27359544117443224,
    0.20938017123928881,
    0.18984306179345617
  ],
  "accuracy": [
    0.5588615989599449,
    0.5736353667427008,
    0.5917701153481832,
    0.6111235977581918,
    0.6185735255892751,
    0.6492566063413688,
    0.6739460189590089,
    0.7137380982935744,
    0.7267549984221899,
    0.7230540444514366,
    0.7696784813169482,
    0.7827474336876358,
    0.8008243044173812,
    0.837866431255564,
    0.8644772574278461,
    0.8848595719557102,
    0.8851925476160651,
    0.9131315567529433,
    0.9423962138084216,
    0.9717065415254683
  ],
  "val_accuracy": [
    0.5128123864323206,
    0.5387940627184638,
    0.5465628701267516,
    0.5667937427440531,
    0.6185036768095972,
    0.6482383372706676,
    0.6483935323868213,
    0.6861056250473277,
    0.698056119323083,
    0.7045337299967127,
    0.7412104077668368,
    0.7804389695496212,
    0.7784099778344034,
    0.8239959706266838,
    0.7828090865965486,
    0.8560127480919442,
    0.8665688639183096,
    0.8823569950061698,
    0.9097974642796115,
    0.9001864662809866
  ]
}